pos,Nec,Nphb,Eiip
12,1.0,2.0,0.0371
13,0.0,2.0,0.0198
14,0.0,4.0,0.0941
15,0.0,2.0,0.0198
16,-1.0,4.0,0.1263
17,0.0,3.0,0.0516
18,0.0,2.0,0.0
20,0.0,4.0,0.0761
21,0.0,2.0,0.0
23,0.0,4.0,0.0036
24,-1.0,4.0,0.1263
25,1.0,2.0,0.0371
26,1.0,2.0,0.0371
27,0.0,2.0,0.0
29,0.0,4.0,0.0829
39,0.0,4.0,0.0036
40,1.0,4.0,0.0242
41,0.0,2.0,0.0
42,-1.0,4.0,0.0058
43,1.0,4.0,0.0959
44,0.0,2.0,0.0
45,0.0,2.0,0.0
46,-1.0,4.0,0.1263
47,-1.0,4.0,0.0058
48,-1.0,4.0,0.0058
49,0.0,2.0,0.0
50,0.0,4.0,0.0829
51,1.0,4.0,0.0959
52,0.0,2.0,0.0057
53,1.0,4.0,0.0959
54,1.0,2.0,0.0371
55,-1.0,4.0,0.1263
57,0.0,3.0,0.0516
58,0.0,4.0,0.0036
59,-1.0,4.0,0.1263
60,0.0,4.0,0.0941
69,0.0,4.0,0.0829
70,0.0,2.0,0.0373
71,-1.0,4.0,0.0058
72,0.0,2.0,0.0
73,0.0,2.0,0.0198
74,-1.0,4.0,0.1263
75,0.0,2.0,0.0373
76,0.0,2.0,0.0057
77,0.0,2.0,0.005
78,0.0,2.0,0.0198
79,0.0,2.0,0.0
80,0.0,2.0,0.0057
81,0.0,4.0,0.0761
82,0.0,2.0,0.0
83,0.0,4.0,0.0761
84,-1.0,4.0,0.0058
85,1.0,2.0,0.0371
86,0.0,2.0,0.0
87,0.0,3.0,0.0516
88,0.0,2.0,0.0057
89,0.0,2.0,0.0198
90,0.0,2.0,0.0057
91,1.0,2.0,0.0371
92,-1.0,4.0,0.0058
93,0.0,3.0,0.0516
94,0.0,2.0,0.0198
95,-1.0,4.0,0.1263
96,0.0,2.0,0.0946
97,0.0,4.0,0.0036
98,0.0,2.0,0.0946
99,0.0,2.0,0.0057
100,0.0,2.0,0.005
101,1.0,4.0,0.0959
102,0.0,2.0,0.0
103,0.0,2.0,0.0
104,0.0,2.0,0.005
105,0.0,2.0,0.0198
106,1.0,4.0,0.0959
107,0.0,2.0,0.005
108,0.0,2.0,0.0
109,0.0,4.0,0.0941
110,0.0,2.0,0.0373
111,1.0,2.0,0.0371
112,0.0,4.0,0.0761
113,0.0,2.0,0.0
114,-1.0,4.0,0.0058
115,0.0,2.0,0.0373
116,-1.0,4.0,0.0058
117,0.0,4.0,0.0941
118,0.0,2.0,0.005
119,0.0,2.0,0.0829
120,1.0,2.0,0.0371
121,0.0,2.0,0.0
123,0.0,2.0,0.0057
124,1.0,4.0,0.0959
125,0.0,2.0,0.005
126,1.0,2.0,0.0371
127,0.0,2.0,0.005
128,0.0,4.0,0.0829
130,1.0,4.0,0.0959
131,-1.0,4.0,0.1263
132,1.0,2.0,0.0371
133,1.0,2.0,0.0371
134,1.0,2.0,0.0371
135,-1.0,4.0,0.0058
136,-1.0,4.0,0.0058
137,0.0,4.0,0.0761
138,0.0,4.0,0.0036
139,1.0,4.0,0.0959
140,0.0,2.0,0.005
141,1.0,2.0,0.0371
142,0.0,2.0,0.0198
143,0.0,4.0,0.0036
144,0.0,3.0,0.0548
145,-1.0,4.0,0.0058
146,1.0,4.0,0.0242
147,0.0,2.0,0.0
148,0.0,4.0,0.0036
149,-1.0,4.0,0.0058
150,-1.0,4.0,0.1263
151,0.0,2.0,0.0
152,1.0,4.0,0.0242
153,0.0,2.0,0.0057
154,0.0,2.0,0.0
155,0.0,2.0,0.0
156,0.0,4.0,0.0941
157,0.0,2.0,0.0057
158,-1.0,4.0,0.0058
159,-1.0,4.0,0.1263
160,0.0,2.0,0.0373
161,0.0,4.0,0.0761
162,0.0,4.0,0.0036
163,1.0,4.0,0.0959
164,0.0,2.0,0.0373
165,-1.0,4.0,0.0058
166,0.0,2.0,0.0
167,1.0,2.0,0.0371
168,0.0,2.0,0.0
169,1.0,2.0,0.0371
170,1.0,4.0,0.0959
171,0.0,2.0,0.0373
172,0.0,2.0,0.0057
173,-1.0,4.0,0.0058
174,-1.0,4.0,0.0058
175,0.0,2.0,0.0057
176,1.0,2.0,0.0371
177,1.0,2.0,0.0371
178,0.0,2.0,0.0
179,0.0,2.0,0.0
180,0.0,2.0,0.0057
181,0.0,2.0,0.0198
182,0.0,2.0,0.0373
183,0.0,2.0,0.0373
184,-1.0,4.0,0.0058
185,0.0,2.0,0.005
186,-1.0,4.0,0.0058
187,-1.0,4.0,0.1263
188,0.0,4.0,0.0829
189,0.0,2.0,0.0
190,1.0,2.0,0.0371
191,1.0,2.0,0.0371
193,0.0,4.0,0.0761
194,0.0,2.0,0.0
196,-1.0,4.0,0.0058
197,0.0,2.0,0.0
198,0.0,2.0,0.0373
199,0.0,2.0,0.0
200,0.0,2.0,0.0
201,0.0,4.0,0.0036
202,0.0,2.0,0.005
203,0.0,4.0,0.0941
204,0.0,3.0,0.0516
