pos,IP
12,1.393
13,0.655
14,1.032
15,0.655
16,0.523
17,1.723
18,0.567
20,1.185
21,0.567
23,1.282
24,0.523
25,1.393
26,1.393
27,0.567
29,1.058
39,1.282
40,1.584
41,0.567
42,0.351
43,2.628
44,0.567
45,0.567
46,0.523
47,0.351
48,0.351
49,0.906
50,1.058
51,2.628
52,0.853
53,2.628
54,1.393
55,0.523
57,1.723
58,1.282
59,0.523
60,1.032
69,1.058
70,0.736
71,0.351
72,0.567
73,0.655
74,0.523
75,0.736
76,0.853
77,0.993
78,0.655
79,0.906
80,0.853
81,1.185
82,0.567
83,1.185
84,0.351
85,1.393
86,0.567
87,1.723
88,0.853
89,0.655
90,0.853
91,1.393
92,0.351
93,1.723
94,0.655
95,0.523
96,1.478
97,1.282
98,1.478
99,0.853
100,0.993
101,2.628
102,0.906
103,0.567
104,0.993
105,0.655
106,2.628
107,0.993
108,0.567
109,1.032
110,0.736
111,1.393
112,1.185
113,0.567
114,0.351
115,0.736
116,0.351
117,1.032
118,0.993
119,1.668
120,1.393
121,0.906
123,0.853
124,2.628
125,0.993
126,1.393
127,0.993
128,1.058
130,2.628
131,0.523
132,1.393
133,1.393
134,1.393
135,0.351
136,0.351
137,1.185
138,1.282
139,2.628
140,0.993
141,1.393
142,0.655
143,1.282
144,1.169
145,0.351
146,1.584
147,0.567
148,1.282
149,0.351
150,0.523
151,0.567
152,1.584
153,0.853
154,0.567
155,0.906
156,1.032
157,0.853
158,0.351
159,0.523
160,0.736
161,1.185
162,1.282
163,2.628
164,0.736
165,0.351
166,0.906
167,1.393
168,0.567
169,1.393
170,2.628
171,0.736
172,0.853
173,0.351
174,0.351
175,0.853
176,1.393
177,1.393
178,0.567
179,0.567
180,0.853
181,0.655
182,0.736
183,0.736
184,0.351
185,0.993
186,0.351
187,0.523
188,1.058
189,0.567
190,1.393
191,1.393
193,1.185
194,0.567
196,0.351
197,0.567
198,0.736
199,0.906
200,0.567
201,1.282
202,0.993
203,1.032
204,1.723
