pos,Residue,DmDPXs,BaASAnp,IP,UrASAts,BsdDPXa,Eiip,BrASAnp,Ks,HSE_down,PL,PP,UsdDPXs,Nphb,CN,Nec,BmCXs,HSE_up,Kh
12,K,0.0,123.60,1.393,105.2,0.38533,0.0371,106.0,0.0,11.7674231776,-2,-1,0.0,2.0,16.0959064948,1.0,4.7433,4.3284833172,0.0
13,P,0.0,50.71,0.655,41.2,0.64859,0.0198,41.9,0.150537634408602,12.626831232,-3,7,0.0,2.0,21.0410899412,0.0,1.0503,8.4142587092,0.0507739938080495
14,T,0.0,45.01,1.032,48.5,0.42914,0.0941,59.4,0.232430875576037,13.01208984,-2,-1,0.0,4.0,24.38365968632,0.0,1.6839,11.37156984632,0.0956656346749226
15,P,0.0,97.95,0.655,80.6,0.0,0.0198,81.0,0.215572858731924,12.6937791072,-3,7,0.0,2.0,29.85709873938,0.0,2.0843,17.16331963218,0.0761609907120743
16,D,0.0,36.79,0.523,91.8,0.55418,0.1263,74.7,0.117562724014337,19.18670836672,-4,-1,0.0,4.0,26.15772559352,-1.0,2.5136,6.9710172268,0.0
17,Y,0.0,53.79,1.723,38.4,0.82292,0.0516,39.4,0.408602150537634,15.77412215392,-1,-3,0.59789,3.0,24.31266455312,0.0,0.87809,8.5385423992,0.461300309597523
18,L,0.0,41.85,0.567,27.7,0.91653,0.0,29.4,0.459993674889311,13.30105574336,4,-3,0.66146,2.0,31.345450402119,0.0,0.39873,18.044394658759,0.391640866873065
20,Q,0.0,48.83,1.185,78.6,0.0,0.0761,93.5,0.127180406212664,20.660441266912,-2,-1,0.0,4.0,32.130635944992,0.0,1.8834,11.47019467808,0.0247678018575851
21,L,0.0,26.36,0.567,13.9,0.70406,0.0,18.5,0.474541429475016,17.30158329792,4,-3,0.65695,2.0,31.71325833472,0.0,0.51131,14.4116750368,0.391640866873065
23,N,0.0,29.55,1.282,92.1,0.47939,0.0036,63.9,0.14744623655914,18.3556370288,-3,-2,0.0,4.0,34.42133119504,0.0,1.3549,16.06569416624,0.0241486068111455
24,D,0.0,16.22,0.523,61.2,0.40593,0.1263,32.9,0.193655913978495,15.1144138976,-4,-1,0.0,4.0,30.57216984096,-1.0,1.4709,15.45775594336,0.0
25,K,0.0,42.50,1.393,40.0,0.45676,0.0371,36.5,0.255483870967742,17.89450159744,-2,-1,0.0,2.0,31.07739603464,1.0,0.85298,13.1828944372,0.0594427244582043
26,K,0.0,83.57,1.393,78.2,0.41762,0.0371,71.7,0.0604301075268817,16.4006519376,-2,-1,0.0,2.0,29.05093881636,1.0,1.7058,12.65028687876,0.0198142414860681
27,L,0.0,128.79,0.567,88.5,0.61783,0.0,90.5,0.202150537634409,21.40930820736,4,-3,0.65697,2.0,28.60067908216,0.0,3.0596,7.1913708748,0.313312693498452
29,S,0.0,67.62,1.058,78.1,0.0,0.0829,139.3,0.039247311827957,14.30975538304,-2,-1,0.0,4.0,26.51327486592,0.0,2.3087,12.20351948288,0.0235294117647059
39,N,0.0,59.03,1.282,120.5,0.0,0.0036,127.7,0.0323756720430107,19.899306543648,-3,-2,0.0,4.0,43.382582159208,0.0,3.7149,23.48327561556,0.0120743034055728
40,H,0.0,56.31,1.584,67.7,1.0626,0.0242,58.0,0.137854976564654,22.61541603296,-3,-2,0.0,4.0,33.18353023924,1.0,2.7519,10.56811420628,0.0414860681114551
41,L,0.0,123.32,0.567,86.4,0.47972,0.0,86.7,0.245793801391524,16.5680447088,4,-3,0.0,2.0,38.72349173384,0.0,2.5628,22.15544702504,0.313312693498452
42,E,0.0,37.82,0.351,72.5,0.77276,0.0058,62.7,0.209210526315789,17.06101004096,-3,-1,0.0,4.0,43.00281799616,-1.0,1.4446,25.9418079552,0.0083591331269349
43,R,0.0,62.57,2.628,58.4,0.77387,0.0959,80.4,0.339247311827957,22.10860898816,-2,-2,0.0,4.0,39.552533119088,1.0,1.7885,17.443924130928,0.111455108359133
44,L,0.0,87.74,0.567,61.4,0.91272,0.0,61.7,0.412333965844402,18.74191657376,4,-3,0.65314,2.0,31.4033477362,0.0,1.5511,12.66143116244,0.469969040247678
45,L,0.0,30.64,0.567,21.7,0.91126,0.0,21.5,0.643991144845035,12.7527475232,4,-3,0.6518,2.0,39.41663383828,0.0,0.50323,26.66388631508,0.548297213622291
46,D,0.0,23.70,0.523,44.2,0.58739,0.1263,48.1,0.31426523297491,16.0326504032,-4,-1,0.53965,4.0,35.37182695276,-1.0,1.0363,19.33917654956,0.0
47,E,0.0,49.33,0.351,43.4,0.41597,0.0058,81.8,0.490662139219015,16.48925896256,-3,-1,0.0,4.0,26.71512327628,-1.0,1.2443,10.22586431372,0.01671826625387
48,E,0.0,28.95,0.351,51.2,1.1593,0.0058,48.0,0.301075268817204,18.11798178144,-3,-1,0.0,4.0,27.35057374752,-1.0,0.94177,9.23259196608,0.0111455108359133
49,I,0.0,36.55,0.906,26.5,1.1034,0.0,26.3,0.623333333333333,17.36230068768,2,-3,0.65727,2.0,31.62816625856,0.0,0.41924,14.26586557088,0.554798761609907
50,S,0.0,46.36,1.058,71.4,0.0,0.0829,95.5,0.131182795698925,19.5846606096,-2,-1,0.0,4.0,36.25877945852,0.0,0.58022,16.67411884892,0.0470588235294118
51,R,0.0,64.00,2.628,42.8,0.80981,0.0959,82.3,0.39557945041816,17.31852746592,-2,-2,0.0,4.0,33.4150732966,1.0,0.98844,16.09654583068,0.111455108359133
52,V,0.0,5.43,0.853,4.7,1.012,0.0057,4.7,0.7,18.0803482512,1,-2,1.0253,2.0,31.49884458036,0.0,0.45067,13.41849632916,0.481114551083591
53,R,0.0,15.81,2.628,14.8,0.52136,0.0959,20.3,0.379115890083632,11.5653696992,-2,-2,0.0,4.0,31.51002379972,1.0,0.32627,19.94465410052,0.0891640866873065
54,K,0.0,42.33,1.393,53.9,0.3878,0.0371,36.3,0.216532258064516,18.566891544,-2,-1,0.0,2.0,22.020943004,1.0,1.1495,3.45405146,0.0594427244582043
55,D,0.0,22.31,0.523,38.6,0.48126,0.1263,45.3,0.325806451612903,16.41352444896,-4,-1,0.0,4.0,23.33989786936,-1.0,1.0373,6.9263734204,0.0
57,Y,0.0,70.26,1.723,51.3,0.33896,0.0516,51.5,0.321505376344086,13.52658901312,-1,-3,0.0,3.0,23.73402450664,0.0,0.79452,10.20743549352,0.369040247678019
58,N,0.0,24.24,1.282,64.8,0.48536,0.0036,52.4,0.0629032258064516,15.2070464128,-3,-2,0.0,4.0,27.29202889248,0.0,1.4419,12.08498247968,0.0120743034055728
59,D,0.0,49.23,0.523,96.5,0.44122,0.1263,100.0,0.0447670250896057,16.99618728576,-4,-1,0.0,4.0,25.34226577456,-1.0,2.2248,8.3460784888,0.0
60,T,0.0,65.00,1.032,60.8,0.46619,0.0941,85.8,0.107258064516129,15.05641255776,-1,-1,0.0,4.0,20.15551561896,0.0,2.1158,5.0991030612,0.0637770897832817
69,S,0.0,57.98,1.058,120.4,0.0,0.0829,119.4,0.0,9.4611997184,-2,-1,0.0,4.0,26.05575696676,0.0,4.8067,16.59455724836,0.0235294117647059
70,A,0.0,61.00,0.736,85.6,0.0,0.0373,85.5,0.125806451612903,12.238410592,-1,-1,0.0,2.0,22.2953396372,0.0,3.3416,10.0569290452,0.0563467492260062
71,E,0.0,71.94,0.351,85.4,0.45579,0.0058,119.3,0.0508630447085456,10.7225837472,-3,-1,0.0,4.0,24.60208702612,-1.0,2.4921,13.87950327892,0.0027863777089783
72,L,0.0,20.29,0.567,14.4,0.85692,0.0,14.3,0.266176470588235,13.79946460704,4,-3,1.0539,2.0,24.59118354848,0.0,0.70032,10.79171894144,0.234984520123839
73,P,0.0,50.33,0.655,41.5,0.0,0.0198,41.6,0.0795328142380423,12.7061355808,-3,7,0.0,2.0,29.019541632,0.0,0.98192,16.3134060512,0.0253869969040248
74,D,0.0,46.79,0.523,120.4,0.40673,0.1263,95.0,0.0406451612903226,15.67794208064,-4,-1,0.0,4.0,28.67576417448,-1.0,3.2486,12.99782209384,0.0
75,A,0.0,40.75,0.736,57.5,0.58412,0.0373,57.1,0.13010752688172,17.35923963552,-1,-1,0.0,2.0,26.06159304152,0.0,1.1708,8.702353406,0.0563467492260062
76,V,0.0,94.03,0.853,82.3,0.57673,0.0057,81.4,0.1210197710718,15.30159908384,1,-2,0.0,2.0,33.654300884916,0.0,2.1229,18.352701801076,0.137461300309598
77,G,0.0,27.09,0.993,69.6,0.0,0.005,72.2,0.163978494623656,18.6616693312,-4,-2,0.0,2.0,28.02424644596,0.0,0.0,9.36257711476,0.0594427244582043
78,P,0.0,114.63,0.655,95.6,0.42649,0.0198,94.8,0.154171301446051,14.37731983616,-3,7,0.0,2.0,24.8753294264,0.0,2.7359,10.49800959024,0.0761609907120743
79,I,0.0,111.29,0.906,80.5,0.0,0.0,80.0,0.266820276497696,15.71696353408,2,-3,0.0,2.0,23.02622904168,0.0,1.754,7.3092655076,0.396284829721362
80,V,0.0,46.32,0.853,38.7,0.67059,0.0057,40.1,0.494693028095734,13.0096943168,1,-2,0.70224,2.0,25.6382582138,0.0,0.92415,12.628563897,0.412383900928793
81,Q,0.0,29.08,1.185,47.4,0.55719,0.0761,55.7,0.34371266427718,9.3569845664,-2,-1,0.0,4.0,25.02299540156,0.0,1.5347,15.66601083516,0.0619195046439629
82,L,0.0,36.90,0.567,26.1,0.81665,0.0,25.9,0.438172043010753,22.75190933952,4,-3,0.75174,2.0,28.20244800272,0.0,0.42802,5.4505386632,0.391640866873065
83,Q,0.0,23.04,1.185,52.9,0.4574,0.0761,44.1,0.323103345280765,18.76016388,-2,-1,0.0,4.0,29.60227546836,0.0,1.2386,10.84211158836,0.0619195046439629
84,E,0.0,21.50,0.351,40.4,0.80671,0.0058,35.7,0.0801499717034522,20.67030036544,-3,-1,0.49234,4.0,32.41990322572,-1.0,0.61102,11.74960286028,0.0027863777089783
85,K,0.0,33.58,1.393,41.0,0.65581,0.0371,28.8,0.0734139784946237,19.19371356832,-2,-1,0.59616,2.0,33.418641604,1.0,0.78521,14.22492803568,0.0198142414860681
86,L,0.0,26.12,0.567,18.5,0.81762,0.0,18.4,0.454538266919671,17.98482564608,4,-3,0.75522,2.0,34.95109670664,0.0,0.41733,16.96627106056,0.391640866873065
87,Y,0.0,76.97,1.723,57.5,0.40316,0.0516,56.4,0.333333333333333,18.57452277664,-1,-3,0.0,3.0,39.3943963404,0.0,0.95415,20.81987356376,0.461300309597523
88,V,0.0,2.75,0.853,1.8,0.91573,0.0057,2.4,0.478061047519944,22.0018369504,1,-2,1.0259,2.0,36.3993873296,0.0,0.15412,14.3975503792,0.343653250773994
89,P,0.0,32.46,0.655,27.1,0.90992,0.0198,26.8,0.174416017797553,15.81980878976,-3,7,0.0,2.0,38.42450232968,0.0,0.48153,22.60469353992,0.0507739938080495
90,V,0.0,58.07,0.853,49.8,0.92402,0.0057,50.3,0.22939646201873,16.24368478528,1,-2,0.0,2.0,38.04929174028,0.0,0.55665,21.805606955,0.206191950464396
91,K,0.0,130.34,1.393,94.2,0.0,0.0371,111.8,0.0474462365591398,16.67410966784,-2,-1,0.0,2.0,35.512584279056,1.0,2.2662,18.838474611216,0.0198142414860681
92,E,0.0,35.86,0.351,74.7,0.38467,0.0058,59.5,0.0567204301075269,14.37154463936,-3,-1,0.0,4.0,23.9571110872,-1.0,2.3595,9.58556644784,0.0027863777089783
93,Y,0.0,58.23,1.723,53.0,0.58653,0.0516,42.7,0.218548387096774,13.9311078768,-1,-3,0.4524,3.0,19.637218192,0.0,1.2623,5.7061103152,0.276780185758514
94,P,0.0,77.73,0.655,63.9,0.46724,0.0198,64.3,0.125806451612903,11.1343455328,-3,7,0.0,2.0,27.01914098412,0.0,1.7964,15.88479545132,0.0507739938080495
95,D,0.0,51.34,0.523,117.8,0.0,0.1263,104.3,0.0315770609318996,16.99411566016,-4,-1,0.0,4.0,29.47542578788,-1.0,3.5419,12.48131012772,0.0
96,F,0.0,36.41,1.478,22.0,0.52871,0.0946,22.0,0.441116231438812,21.5635280192,0,-4,0.61926,2.0,31.71501951204,0.0,0.33674,10.15149149284,0.5
97,N,0.0,35.48,1.282,77.2,0.40442,0.0036,76.7,0.0663810483870968,18.42367956064,-3,-2,0.0,4.0,37.333475995528,0.0,0.40764,18.909796434888,0.0120743034055728
98,F,0.0,0.53,1.478,0.3,1.0904,0.0946,0.3,0.695878136200717,22.620812592,0,-4,1.0334,2.0,39.22832896088,0.0,0.25747,16.60751636888,0.7
99,V,0.50064,14.28,0.853,24.7,1.2664,0.0057,12.4,0.353728754769338,17.03557653152,1,-2,0.0,2.0,38.18616166704,0.0,0.13681,21.15058513552,0.274922600619195
100,G,0.0,0.00,0.993,77.2,0.30576,0.005,0.0,0.392831541218638,20.330493516224,-4,-2,0.0,2.0,37.044269747904,0.0,0.0,16.71377623168,0.0990712074303406
101,R,0.0,1.26,2.628,11.4,1.1448,0.0959,1.6,0.368124253285544,21.5830641008,-2,-2,0.88223,4.0,31.009522049,1.0,0.22346,9.4264579482,0.0891640866873065
102,I,0.0,1.75,0.906,1.3,1.0817,0.0,1.3,0.69258064516129,15.83903174592,2,-3,0.75055,2.0,31.66682412816,0.0,0.015032,15.82779238224,0.554798761609907
103,L,0.6211599999999999,0.58,0.567,47.3,1.1903,0.0,0.4,0.537065148640101,19.48982339232,4,-3,0.65238,2.0,39.16535098264,0.0,0.036167,19.67552759032,0.548297213622291
104,G,0.0,0.00,0.993,12.0,0.17669,0.005,0.0,0.170322580645161,21.002926045792,-4,-2,0.0,2.0,37.818953130952,0.0,0.0,16.81602708516,0.0396284829721362
105,P,3.30275,0.00,0.655,7.6,0.92724,0.0198,0.0,0.0957360029662588,18.17485431616,-3,7,0.69289,2.0,34.56009385872,0.0,0.14452,16.38523954256,0.0253869969040248
106,R,0.0,42.02,2.628,82.9,0.35267,0.0959,54.0,0.0488888888888889,17.97503741664,-2,-2,0.0,4.0,33.7747020284,1.0,1.2743,15.79966461176,0.0222910216718266
107,G,0.0,0.00,0.993,45.8,0.35436,0.005,0.0,0.0835125448028674,15.00847937696,-4,-2,0.0,2.0,36.55607254876,0.0,0.0,21.5475931718,0.0198142414860681
108,L,0.0,39.26,0.567,27.8,1.1583,0.0,27.6,0.429079696394687,19.78369656416,4,-3,1.0545,2.0,34.92615351792,0.0,0.43957,15.14245695376,0.391640866873065
109,T,0.0,15.02,1.032,15.3,0.88666,0.0941,19.8,0.466877880184332,18.77779841888,-1,-1,0.67382,4.0,31.31273477,0.0,0.14736,12.53493635112,0.159442724458204
110,A,0.0,0.89,0.736,15.7,0.62418,0.0373,1.2,0.567741935483871,13.23883669984,-1,-1,0.0,2.0,31.2328534221484,0.0,0.016573,17.9940167223084,0.169040247678019
111,K,0.0,40.63,1.393,61.4,0.41627,0.0371,34.9,0.19241935483871,15.43642475744,-2,-1,0.0,2.0,37.42952436888,1.0,0.46723,21.99309961144,0.0594427244582043
112,Q,0.0,23.22,1.185,23.7,0.83615,0.0761,44.5,0.269086021505376,17.80868265664,-2,-1,0.0,4.0,31.574916276,0.0,0.27855,13.76623361936,0.0371517027863777
113,L,0.0,15.63,0.567,11.1,0.90107,0.0,11.0,0.664358001265022,14.11207181088,4,-3,0.65435,2.0,29.18767383116,0.0,0.20057,15.07560202028,0.548297213622291
114,E,0.0,15.02,0.351,31.1,0.87761,0.0058,24.9,0.0830786644029428,10.0537960256,-3,-1,0.5947,4.0,31.8907625484,-1.0,0.40518,21.8369665228,0.0027863777089783
115,A,0.0,53.06,0.736,74.8,0.0,0.0373,74.3,0.180645161290323,14.99955453248,-1,-1,0.0,2.0,25.35890341532,0.0,1.0431,10.35934888284,0.0845201238390093
116,E,0.0,43.10,0.351,49.7,0.4154,0.0058,71.5,0.141426146010187,17.16935158976,-3,-1,0.0,4.0,23.42998300256,-1.0,0.76908,6.2606314128,0.0055727554179566
117,T,0.0,14.56,1.032,10.9,0.91092,0.0941,19.2,0.460253456221198,16.9984181488,-1,-1,0.98339,4.0,27.27856978432,0.0,0.30009,10.28015163552,0.159442724458204
118,G,0.0,15.21,0.993,45.1,0.0,0.005,40.5,0.0719713261648746,11.9530099072,-4,-2,0.0,2.0,31.8774838386,0.0,0.0,19.9244739314,0.0198142414860681
119,C,0.0,0.56,1.668,0.0,1.2646,0.0829,0.6,0.8,18.57222874624,-1,-3,0.82034,2.0,28.46650089764,0.0,0.074671,9.8942721514,0.36656346749226
120,K,0.0,61.77,1.393,70.8,0.38502,0.0371,53.0,0.285,11.4752550848,-2,-1,0.0,2.0,34.02905612748,1.0,0.51165,22.55380104268,0.0792569659442725
121,I,0.0,5.75,0.906,1.3,1.1135,0.0,4.1,0.583041474654378,23.42577661088,2,-3,1.1108,2.0,32.402531081,0.0,0.042702,8.97675447012,0.475541795665635
123,V,0.0,2.68,0.853,9.6,0.60651,0.0057,2.3,0.448144294138051,19.89022773056,1,-2,0.0,2.0,32.69945212232,0.0,0.087883,12.80922439176,0.343653250773994
124,R,0.0,7.37,2.628,55.3,1.3794,0.0959,9.5,0.308769414575866,16.0034761696,-2,-2,0.52286,4.0,29.82937850792,1.0,0.17591,13.82590233832,0.0891640866873065
125,G,0.0,0.00,0.993,0.0,0.21115,0.005,0.0,0.2,18.63827117376,-4,-2,0.0,2.0,30.11222718336,0.0,0.0,11.4739560096,0.0396284829721362
126,K,0.0,70.47,1.393,65.1,0.86187,0.0371,60.5,0.0656854838709677,14.20752641216,-2,-1,0.0,2.0,33.69557314468,1.0,1.1347,19.48804673252,0.0198142414860681
127,G,0.0,7.90,0.993,24.4,0.62588,0.005,21.0,0.0835125448028674,21.108839557056,-4,-2,0.0,2.0,34.472676719976,0.0,0.0,13.36383716292,0.0198142414860681
128,S,0.0,22.93,1.058,15.7,0.64567,0.0829,47.2,0.0870967741935484,17.37682243872,-2,-1,0.70556,4.0,28.9257121728,0.0,0.19911,11.54888973408,0.0235294117647059
130,R,0.0,51.96,2.628,96.5,0.0,0.0959,66.8,0.0395459976105137,14.93228019488,-2,-2,0.0,4.0,31.5451926624,1.0,0.90671,16.61291246752,0.0222910216718266
131,D,0.0,6.59,0.523,43.8,0.40581,0.1263,13.4,0.0785663082437276,14.00832403872,-4,-1,0.0,4.0,26.72029542472,-1.0,1.829,12.711971386,0.0
132,K,0.0,80.45,1.393,70.0,0.55672,0.0371,69.0,0.0650672043010753,8.4943404672,-2,-1,0.0,2.0,24.97763045376,1.0,1.5973,16.48328998656,0.0198142414860681
133,K,0.0,98.82,1.393,73.5,0.45551,0.0371,84.8,0.0632123655913979,11.5672735136,-2,-1,0.0,2.0,21.87050984376,1.0,2.3596,10.30323633016,0.0198142414860681
134,K,0.0,90.63,1.393,81.2,0.41752,0.0371,77.7,0.0650672043010753,11.2445315392,-2,-1,0.0,2.0,17.5207296656,1.0,2.1531,6.2761981264,0.0198142414860681
135,E,0.0,18.43,0.351,19.2,0.0,0.0058,30.6,0.0954442558007923,8.6574749376,-3,-1,0.0,4.0,17.605929246,-1.0,0.34508,8.9484543084,0.0027863777089783
136,E,0.0,21.69,0.351,56.8,0.53238,0.0058,36.0,0.0674589700056593,12.491439104,-3,-1,0.0,4.0,20.3099348504,-1.0,1.889,7.8184957464,0.0027863777089783
137,Q,0.0,42.32,1.185,86.9,0.45558,0.0761,81.0,0.0532855436081243,16.01036654144,-2,-1,0.0,4.0,27.41761201044,0.0,1.9384,11.407245469,0.0123839009287926
138,N,0.0,0.62,1.282,42.5,1.1191,0.0036,1.4,0.0826108870967742,17.35125929696,-3,-2,0.0,4.0,27.75102067552,0.0,0.70885,10.39976137856,0.0120743034055728
139,R,0.0,46.16,2.628,61.3,0.78807,0.0959,59.3,0.125256869772999,11.5613832672,-2,-2,0.0,4.0,28.857909807172,1.0,1.1469,17.296526539972,0.0445820433436533
140,G,0.0,37.54,0.993,102.2,0.0,0.005,100.0,0.110967741935484,18.95488232352,-4,-2,0.0,2.0,27.8885262486,0.0,0.0,8.93364392508,0.0396284829721362
141,K,0.0,71.31,1.393,62.7,0.83425,0.0371,61.2,0.0666129032258064,14.10724397792,-2,-1,0.0,2.0,26.69110582444,1.0,1.5581,12.58386184652,0.0198142414860681
142,P,0.0,97.49,0.655,81.3,0.61099,0.0198,80.6,0.116425658138673,19.79316023648,-3,7,0.0,2.0,23.21433750168,0.0,2.1819,3.4211772652,0.0507739938080495
143,N,0.0,20.41,1.282,105.0,0.4826,0.0036,44.1,0.0497647849462366,14.21560274752,-3,-2,0.0,4.0,25.77120815512,0.0,1.3019,11.5556054076,0.0120743034055728
144,W,0.0,42.88,1.169,48.5,1.1176,0.0548,22.6,0.479253636938646,16.63584395104,-2,-4,0.81505,3.0,20.33801331904,0.0,0.38854,3.702169368,0.336222910216718
145,E,0.0,64.91,0.351,68.5,0.4531,0.0058,107.7,0.0681097906055461,10.4609646208,-3,-1,0.0,4.0,23.80762624128,-1.0,1.34,13.34666162048,0.0027863777089783
146,H,0.0,21.00,1.584,17.2,0.84655,0.0242,21.6,0.18541494347946,13.1426630752,-3,-2,0.62858,4.0,22.77108265172,1.0,0.1875,9.62841957652,0.0414860681114551
147,L,0.0,4.86,0.567,3.4,0.91222,0.0,3.4,0.193453510436433,18.0808410592,4,-3,0.6495,2.0,26.7429751488,0.0,0.19833,8.6621340896,0.156656346749226
148,N,0.0,39.28,1.282,66.3,0.43789,0.0036,85.0,0.0605846774193549,15.14563579424,-3,-2,0.0,4.0,30.08162834664,0.0,0.97805,14.9359925524,0.0120743034055728
149,E,0.0,30.77,0.351,40.0,0.80678,0.0058,51.0,0.0817770232031692,21.097232400768,-3,-1,0.0,4.0,27.685516728368,-1.0,0.72982,6.5882843276,0.0027863777089783
150,D,0.0,22.90,0.523,65.8,0.80233,0.1263,46.5,0.0690860215053763,19.85233794016,-4,-1,0.0,4.0,32.9591925772,-1.0,1.0705,13.10685463704,0.0
151,L,0.0,9.95,0.567,7.0,0.58054,0.0,7.0,0.285815939278937,22.15095229728,4,-3,0.0,2.0,39.12569927608,0.0,0.20712,16.9747469788,0.234984520123839
152,H,0.0,0.00,1.584,0.5,1.0974,0.0242,0.0,0.6,24.66124853856,-3,-2,1.1827,4.0,45.18524395508,1.0,0.3021,20.52399541652,0.124458204334365
153,V,0.0,1.03,0.853,0.9,1.1014,0.0057,0.9,0.597606659729448,23.1735548384,1,-2,1.0146,2.0,44.60567706152,0.0,0.042187,21.43212222312,0.412383900928793
154,L,0.0,39.84,0.567,28.2,0.91877,0.0,28.0,0.649082858950032,22.23410692384,4,-3,0.65232,2.0,46.63502523008,0.0,0.34829,24.40091830624,0.548297213622291
155,I,0.0,0.00,0.906,0.0,0.97531,0.0,0.0,0.7,23.49566968256,2,-3,0.54399,2.0,43.16653980656,0.0,0.11041,19.670870124,0.554798761609907
156,T,0.0,13.42,1.032,21.5,0.92755,0.0941,17.7,0.675268817204301,16.8192470832,-1,-1,0.0,4.0,42.8144565258,0.0,0.65404,25.9952094426,0.223219814241486
157,V,0.0,1.46,0.853,1.3,0.89648,0.0057,1.3,0.996011099549081,19.49148670176,1,-2,1.0087,2.0,37.308178413264,0.0,0.14615,17.816691711504,0.687306501547988
158,E,0.0,44.45,0.351,65.8,0.55968,0.0058,73.7,0.312889077532541,17.1542374432,-3,-1,0.0,4.0,39.06863319648,-1.0,1.217,21.91439575328,0.0139318885448917
159,D,0.0,7.07,0.523,12.7,0.8528,0.1263,14.4,0.469086021505376,19.15730872384,-4,-1,0.65062,4.0,29.93994224428,-1.0,0.38094,10.78263352044,0.0
160,A,0.0,3.52,0.736,5.1,0.87621,0.0373,4.9,0.782795698924731,12.3835921952,-1,-1,0.0,2.0,27.4977236108,0.0,0.70818,15.1141314156,0.225386996904025
161,Q,0.0,31.71,1.185,62.7,0.82249,0.0761,60.7,0.0683990442054958,14.13594203808,-2,-1,0.0,4.0,26.99900858708,0.0,1.259,12.863066549,0.0123839009287926
162,N,0.0,35.19,1.282,44.2,0.81951,0.0036,76.1,0.240877016129032,15.47637877216,-3,-2,0.94493,4.0,23.68902026096,0.0,0.88481,8.2126414888,0.0362229102167183
163,R,0.0,4.33,2.628,36.1,1.4365,0.0959,5.6,0.317562724014337,12.0335226432,-2,-2,0.93381,4.0,26.1094711244,1.0,0.79673,14.0759484812,0.0891640866873065
164,A,0.0,0.00,0.736,0.0,0.57755,0.0373,0.0,0.6,19.881989505024,-1,-1,0.0,2.0,29.651213583104,0.0,0.2187,9.76922407808,0.169040247678019
165,E,0.0,14.29,0.351,45.3,0.85341,0.0058,23.7,0.228735144312394,14.92229154464,-3,-1,0.0,4.0,34.5525068326,-1.0,1.3671,19.63021528796,0.0083591331269349
166,I,0.0,62.61,0.906,45.4,0.59425,0.0,45.0,0.546666666666667,21.173062603392,2,-3,0.6505,2.0,33.576411157232,0.0,0.65791,12.40334855384,0.554798761609907
167,K,0.0,10.59,1.393,22.3,1.2203,0.0371,9.1,0.0879435483870968,18.20833374976,-2,-1,0.73952,2.0,30.41956242656,1.0,0.39403,12.2112286768,0.0198142414860681
168,L,0.0,8.70,0.567,6.2,1.0867,0.0,6.1,0.877087286527514,18.40799654144,4,-3,1.0068,2.0,28.18353551384,0.0,0.24237,9.7755389724,0.704953560371517
169,K,0.0,70.34,1.393,62.9,0.45782,0.0371,60.3,0.201693548387097,14.486368024,-2,-1,0.0,2.0,32.67475275026,1.0,1.0165,18.18838472626,0.0594427244582043
170,R,0.0,38.02,2.628,35.1,0.49085,0.0959,48.9,0.479641577060932,20.97194238976,-2,-2,0.0,4.0,27.47529149176,1.0,0.75704,6.503349102,0.13374613003096
171,A,0.0,0.00,0.736,0.0,0.60283,0.0373,0.0,0.5,20.369043859872,-1,-1,0.0,2.0,32.585576493552,0.0,0.091087,12.21653263368,0.140866873065015
172,V,0.0,8.53,0.853,7.5,1.2473,0.0057,7.4,0.683246618106139,15.8054988912,1,-2,0.0,2.0,40.50862784332,0.0,0.48844,24.70312895212,0.481114551083591
173,E,0.0,44.72,0.351,85.7,0.84444,0.0058,74.2,0.16918505942275,25.68385071328,-3,-1,0.0,4.0,37.9859512044,-1.0,1.7426,12.30210049112,0.0083591331269349
174,E,0.0,11.42,0.351,34.9,0.64073,0.0058,18.9,0.327108092812677,21.77476765856,-3,-1,0.0,4.0,29.94657274336,-1.0,0.63515,8.1718050848,0.0111455108359133
175,V,0.0,0.02,0.853,0.0,0.86856,0.0057,0.0,0.697207769684357,13.1519146752,1,-2,0.13004,2.0,36.0378978122,0.0,0.14409,22.885983137,0.481114551083591
176,K,0.0,66.63,1.393,62.6,0.45418,0.0371,57.2,0.196129032258065,18.388421768,-2,-1,0.0,2.0,45.62961947116,1.0,1.0633,27.24119770316,0.0594427244582043
177,K,0.0,59.24,1.393,64.6,0.38534,0.0371,50.8,0.130752688172043,24.40502948864,-2,-1,0.0,2.0,31.40987416544,1.0,1.3119,7.0048446768,0.0396284829721362
178,L,0.0,17.51,0.567,12.4,1.4876,0.0,12.3,0.654174573055028,15.699283928,4,-3,0.66212,2.0,25.58805763224,0.0,0.19362,9.88877370424,0.548297213622291
179,L,0.0,12.57,0.567,8.9,0.9858,0.0,8.8,0.366540164452878,9.7450278144,4,-3,1.0599,2.0,35.6449033094,0.0,0.25885,25.899875495,0.313312693498452
180,V,0.0,88.67,0.853,77.6,0.61086,0.0057,76.8,0.195889698231009,17.58994119712,1,-2,0.0,2.0,38.73025215184,0.0,1.1753,21.14031095472,0.206191950464396
181,P,0.0,29.23,0.655,24.3,0.67356,0.0198,24.2,0.159918427882833,16.65346324768,-3,7,0.0,2.0,30.69847878492,0.0,0.64765,14.04501553724,0.0507739938080495
182,A,0.0,28.34,0.736,40.7,0.53078,0.0373,39.7,0.167741935483871,17.82870788224,-1,-1,0.0,2.0,26.19113685144,0.0,0.79653,8.3624289692,0.0563467492260062
183,A,0.0,56.06,0.736,80.8,0.92692,0.0373,78.5,0.071505376344086,9.7623057728,-1,-1,0.0,2.0,26.907779109856,0.0,2.3613,17.145473337056,0.0281733746130031
184,E,0.0,66.40,0.351,97.2,0.0,0.0058,110.1,0.0459818902093945,14.24801251296,-3,-1,0.0,4.0,24.67994381988,-1.0,1.786,10.43193130692,0.0027863777089783
185,G,0.0,28.07,0.993,86.6,0.0,0.005,74.7,0.0513620071684588,13.89024709536,-4,-2,0.0,2.0,24.4558708522,0.0,0.0,10.56562375684,0.0198142414860681
186,E,0.0,53.88,0.351,86.5,0.41613,0.0058,89.4,0.0502122241086588,14.09094819136,-3,-1,0.0,4.0,27.98958202864,-1.0,3.3113,13.89863383728,0.0027863777089783
187,D,0.0,2.98,0.523,3.6,0.61381,0.1263,6.0,0.0971146953405018,16.81772168672,-4,-1,0.5398,4.0,27.92343333976,-1.0,0.46489,11.10571165304,0.0
188,S,0.0,45.48,1.058,74.7,0.0,0.0829,93.7,0.0666666666666667,14.94790832736,-2,-1,0.0,4.0,30.3998620554,0.0,1.4415,15.45195372804,0.0235294117647059
189,L,0.0,41.33,0.567,29.3,0.59852,0.0,29.0,0.271631878557875,20.24419651136,4,-3,0.65616,2.0,30.08015285452,0.0,0.36343,9.83595634316,0.234984520123839
190,K,0.0,16.68,1.393,49.5,1.1502,0.0371,14.3,0.149301075268817,15.21632483328,-2,-1,0.0,2.0,33.421216446832,1.0,0.29836,18.204891613552,0.0396284829721362
191,K,0.0,94.86,1.393,72.3,0.45681,0.0371,81.4,0.183145161290323,21.42786519488,-2,-1,0.0,2.0,28.35547466328,1.0,1.5689,6.9276094684,0.0594427244582043
193,Q,0.87569,5.62,1.185,12.2,0.99264,0.0761,10.8,0.284543010752688,13.82972052672,-2,-1,0.90926,4.0,29.7823505732,0.0,0.12057,15.95263004648,0.0371517027863777
194,L,0.9972,8.73,0.567,58.9,0.90005,0.0,6.1,0.343611638203669,20.767744254912,4,-3,0.0,2.0,31.080665676632,0.0,0.35556,10.31292142172,0.391640866873065
196,E,0.0,20.20,0.351,26.3,0.83721,0.0058,33.5,0.277546689303905,23.83396387136,-3,-1,0.0,4.0,33.0519090432,-1.0,0.39578,9.21794517184,0.0083591331269349
197,L,0.0,12.67,0.567,49.4,1.1656,0.0,8.9,0.378162555344719,20.462513591744,4,-3,0.65754,2.0,34.080548895144,0.0,0.27759,13.6180353034,0.391640866873065
198,A,0.0,4.29,0.736,45.3,1.0058,0.0373,6.0,0.350537634408602,17.81900817504,-1,-1,0.0,2.0,43.09226089612,0.0,0.76608,25.27325272108,0.112693498452012
199,I,0.0,77.71,0.906,56.3,0.58394,0.0,55.9,0.45937019969278,24.72425863968,2,-3,0.0,2.0,43.0449996667,0.0,0.56721,18.32074102702,0.396284829721362
200,L,0.0,53.69,0.567,37.6,0.64386,0.0,37.7,0.318532574320051,20.506749360528,4,-3,0.65695,2.0,36.400926041608,0.0,0.69117,15.89417668108,0.313312693498452
201,N,0.0,16.91,1.282,57.4,0.43978,0.0036,36.6,0.0629032258064516,17.52370215936,-3,-2,0.0,4.0,40.63454246652,0.0,0.82038,23.11084030716,0.0120743034055728
202,G,0.0,28.14,0.993,82.3,0.57582,0.005,74.9,0.0521863799283154,19.43787981696,-4,-2,0.0,2.0,38.028008225856,0.0,0.0,18.590128408896,0.0198142414860681
203,T,0.0,67.81,1.032,77.3,0.46583,0.0941,89.6,0.100192012288786,18.69198629312,-1,-1,0.0,4.0,32.092220294,0.0,1.5011,13.40023400088,0.0637770897832817
204,Y,0.36469,128.96,1.723,98.0,0.61442,0.0516,94.5,0.0946236559139785,19.09178900256,-1,-3,0.0,3.0,32.30482334656,0.0,2.4452,13.213034344,0.184520123839009
